PA123,TOY STORY,81,5,EVERYONE,ANIMATION,,,,
PA369,TOY STORY 2,95,5,EVERYONE,ANIMATION,,,,
PA987,TOY STORY 3,108,5,EVERYONE,ANIMATION,,,,
PD145,RAMBO,156,3,ADULTS,ACTION,,,,
PA878,SPONGEBOB OUT OF WATER,92,3,EVERYONE,ANIMATION,,,,
SD000,GAME OF THRONES,48,5,ADULT,MEDIEVAL,1,1,WINTER IS COMING,
SD001,GAME OF THRONES,48,5,ADULT,MEDIEVAL,1,2,THE KINGSROAD,
PB456,QUIRBY,81,4.6,EVERYONE,CARTOON,,,,
SD008,GAME OF THRONES,49,5.0,MATURE,MEDIEVAL,1,9,POINTY,
SD010,GAME OF THRONES,34,5.0,MATURE,MEDIEVAL,1,11,FIRE AND BLOOD,
SD007,GAME OF THRONES,89,4.5,ADULT,MEDIEVAL,1,4,THE OLD LOG,
